# Runic Polish wordlist for Keyman (columns: word, count, latin form).
# Generated by convert_wordlist.py; rules from the runic-polish skill.
# Homophones merge by design (rz = ż, ó = u, ch = h), so e.g. morze/może share one entry.
# Counts are RANK WEIGHTS (list length - position, summed over duplicates), not corpus frequencies.
ᛝ	4369	w
ᛉ	3749	z
ᛡᛁᛖ	3607	nie
ᛗᛟ⫯ᛖ	2884	może/morze
ᛃᚨᚲ	2792	jak
ᚾᚨ	2430	na
ᛠᛁᛖᛗᛁᚨ	2370	ziemia
ᚲᛁᛚᚲᚨ	2247	kilka
ᛋᛁᛖᛜ	2126	się
ᛝᛁᛖᛚᛖ	2016	wiele
ᛁ	1968	I/i
ᛊᛏᚱᛟᚾᚨ	1963	Strona/strona
ᛞᚢ⫯ᚤ	1863	duży
ᛈ⫯ᛖᛉ	1856	przez
ᛈᛟᛝᛁᛖᛯᛁᛖК	1818	powiedzieć
ᛒᚤᚹᛟ	1798	było
ᛉᚱᛟᛒᛁК	1792	zrobić
ᛗᚤ	1780	my/My
ᛏᚤᛚᚲᛟ	1759	tylko
ᛞᛟ	1756	do
ᛒᛚᛁᛊᚲᛟ	1661	blisko
ᛏᚨᚲ	1659	tak
ᛈᛟᛝᛁᛖᛯᛁᚨᚹ	1612	powiedział
ᛊᛏᛟᛈᚨ	1606	stopa
ᚷᛟᚱᛟᛜᚴᚤ	1596	gorący
ᛈᚱᚢᛒᚨ	1585	próba
ᛞᛟᛒ⫯ᛖ	1542	dobrze
ᛒᚤК	1480	być
КᛁᛟᛜᚷᚾᛟᛜК	1472	ciągnąć
ᛏᛟ	1449	to
ᛉᛖᛊᛈᚢᚹ	1427	zespół
ᛉᛝᚤᚲᚹᚤ	1396	zwykły
ᛗᛁᛖᛜᛥᚤ	1383	między
ᛈ⫯ᛖᛞ	1376	przed
ᛗᛁᚨᛊᛏᛟ	1372	miasto
ᛗᛟᚴ	1367	moc
ᚢᛢᚤК	1359	uczyć
ᚱᚢ⫯ᛡᛁᛟᛜ	1342	różnią
ᛝᛁᛖᛚᚲᛁ	1335	wielki
ᛈᛖᛝᚾᚤ	1329	pewny
ᛈᚱᚨᚴᚨ	1319	praca
ᛈᛖᚹᚾᚨ	1312	pełna
ᛈᛟᛞᛢᚨᛊ	1303	podczas
ᛈᚱᚨᛝᛯᛁᛝᚤ	1300	prawdziwy
ᚷᛟᛏᛟᛝᛖ	1272	gotowe
ᛃᛖᛇᛢᛖ	1253	jeszcze
ᛒᛖᛜᛯᛁᛖ	1205	będzie
ᛝᚤᛊᛟᚲᛁ	1192	wysoki
ᛝᛁᛖᛜᚴᛖᛃ	1174	więcej
ᛊᛏᚨᚾᛟᛝᛁᛟᛜ	1165	stanowią
ᛉᚾᚨᚲ	1129	znak
ᛈᚱᚨᛝᛟ	1127	prawo
ᛉᚨ	1117	za
ᛗᛁᛖᛃᛊᚴᛖ	1051	miejsce
ᛏᚱᚢᛞᚾᛖ	1008	trudne
ᛃᛖᚷᛟ	998	jego
⫯ᛖ	997	że
ᛟᚾ	996	on
ᛞᛚᚨ	994	dla
ᛊᛟᛜ	992	są
ᛟᛡᛁ	990	oni
ᛃᛖᛞᛖᚾ	987	jeden
ᛗᛁᛖК	986	mieć
ᛏᛖᚷᛟ	985	tego
ᛊᚹᛟᛝᛟ	981	słowo
ᚲ⫯ᚤᚲ	981	krzyk
ᚨᛚᛖ	980	ale
ᚻᛁᛊᛏᛟᚱᛁᚨ	980	historia/Historia
ᚴᛟ	979	co
ᛡᛁᛖᚲᛏᚢᚱᛖ	978	niektóre
ᛃᛖᛊᛏ	977	jest
ᛏᚤ	975	ty
ᛚᚢᛒ	974	lub
ᛗᛁᚨᚹ	973	miał
ᚱᚢᚻ	966	ruch
ᛈᚢᛇᚲᚨ	965	puszka
ᛉᛖᛝᚾᛟᛜᛏ⫯	964	zewnątrz
ᛁᚾᚾᛖ	963	inne
ᛒᚤᚹᚤ	962	były
ᚲᛏᚢᚱᚤ	961	który
ᛁᚻ	959	ich
ᛢᚨᛊ	958	czas
ᛃᛖᛋᛚᛁ	957	jeśli
ᚲᚨ⫯ᛞᚨ	952	każda
ᛉᛖᛊᛏᚨᛝ	949	zestaw
ᛏ⫯ᚤ	948	trzy
ᚻᚴᛟᛜ	947	chcą
ᛈᛟᛝᛁᛖᛏ⫯ᛖ	946	powietrze
ᚱᚢᛝᛡᛁᛖ⫯	944	również
ᚷᚱᚨК	943	grać
ᛗᚨᚹᚤ	942	mały
ᚲᛟᛡᛁᛖᚴ	941	koniec
ᛝᚲᚹᚨᛞᚨК	940	wkładać
ᚷᚹᚢᛝᚾᚨ	939	główna
ᛢᚤᛏᚨᛃ	938	czytaj
ᚱᛖᛜᚲᚨ	937	ręka
ᛈᛟᚱᛏ	936	port
ᛉᚨᚲᛚᛖᛜКᛁᛖ	934	zaklęcie
ᛞᛟᛞᚨК	933	dodać
ᚾᚨᛝᛖᛏ	932	nawet
ᛏᚢᛏᚨᛃ	930	tutaj
ᛗᚢᛋᛁ	929	musi
ᛏᚨᚲᛁᛖ	926	takie
ᛋᛚᛖᛯᛁК	925	śledzić
ᚨᚲᛏ	924	akt
ᛞᛚᚨᛢᛖᚷᛟ	923	dlaczego
ᛉᚨᛈᚤᛏᚨᛃ	922	zapytaj
ᛗᛖᛜ⫯ᛢᚤᛠᛡᛁ	921	mężczyźni
ᛉᛗᛁᚨᚾᚨ	920	zmiana
ᛈᛟᛇᛖᛞᚹ	919	poszedł
ᛋᛝᛁᚨᛏᚹᚨ	918	światła
ᚱᛟᛥᚨᛃ	917	rodzaj
ᛈᛟᛏ⫯ᛖᛒᚨ	915	potrzeba
ᛞᛟᛗ	914	dom
ᛟᛒᚱᚨᛉ	913	obraz
ᛊᛈᚱᚢᛒᚢᛃ	912	spróbuj
ᚾᚨᛊ	911	nas
ᛈᛟᚾᛟᛝᛡᛁᛖ	910	ponownie
ᛉᛝᛁᛖ⫯ᛟᛜᛏ	909	zwierząt
ᛈᚢᚾᚲᛏ	908	punkt
ᛗᚨᛏᚲᚨ	907	matka
ᛋᛝᛁᚨᛏ	906	świat
ᛒᚢᛞᛟᛝᚨК	904	budować
ᛝᚹᚨᛊᚾᚤ	903	własny
ᛟᛃКᛁᛖᚴ	901	ojciec
ᛞᛟᛝᛟᛚᚾᚤ	900	dowolny
ᚾᛟᛝᚤ	899	nowy
ᛢᛖᛜᛋК	897	część
ᛝᛠᛁᛟᛜК	896	wziąć
ᛞᛟᛊᛏᚨК	895	dostać
ᛈᛟᚹᚢᛞᛡᛁᛖ	895	południe
ᚷᚹᚢᛝᚾᚤᛗ	894	głównym
ᛝᚤᚲᛟᚾᚨᚾᛖ	893	wykonane
⫯ᚤК	892	żyć
ᚷᛯᛁᛖ	891	gdzie
ᛈᚢᛠᛡᛁᛖᛃ	890	później
ᛈᛟᛝᚱᛟᛏᛖᛗ	889	powrotem
ᛗᚨᚹᛟ	888	mało
ᛟᚲᚱᛟᛜᚷᚹᚤ	886	okrągły
ᛗᛖᛜ⫯ᛢᚤᛉᚾᚨ	885	mężczyzna
ᚱᛟᚲ	884	rok
ᛊᛈᛟᚲᛟᛃᛡᛁᛖ	883	spokojnie
ᛈᛟᚲᚨ⫯	882	pokaż
ᚲᚨ⫯ᛞᚤ	881	każdy
ᛞᛟᛒᚱᚤ	880	dobry
ᛗᛡᛁᛖ	879	mnie
ᛞᚨК	878	dać
ᚾᚨᛇᛖ	877	nasze
ᛈᛟᛞ	876	pod
ᚾᚨᛉᛝᚨ	875	Nazwa
ᛒᚨᚱᛥᛟ	874	bardzo
ᚠᛟᚱᛗᚢᛚᚨ⫯	871	formularz
ᛉᛞᚨᛡᛁᛖ	870	zdanie
ᛗᚤᛋᛚᛖК	868	myśleć
ᛈᛟᛗᛟᚴ	866	pomoc
ᛡᛁᛊᚲᛁ	865	niski
ᛚᛁᛡᛁᚨ	864	linia
ᚲᛟᛚᛖᛃ	862	kolej
ᛈ⫯ᚤᛢᚤᚾᚨ	861	przyczyna
ᛟᛉᚾᚨᛢᚨК	859	oznaczać
ᚻᚹᛟᛈᛁᛖᚴ	855	chłopiec
ᛊᛏᚨᚱᚤ	854	stary
ᛉᛒᚤᛏ	853	zbyt
ᛊᚨᛗ	852	sam
ᛟᚾᚨ	851	ona
ᛝᛇᚤᛊᛏᚲᛟ	850	wszystko
ᛝᚤᛒᚱᚨК	850	wybrać
ᛏᚨᛗ	849	tam
ᚲᛁᛖᛞᚤ	848	kiedy
ᚷᚢᚱᛖᛜ	847	górę
ᛉᚨᛊᛏᛟᛊᛟᛝᚨᛡᛁᛖ	846	zastosowanie
ᛏᛝᚢᛃ	845	Twój
ᛊᛈᛟᛊᚢᛒ	844	sposób
ᛟ	843	o
ᛊᛏᚨᚾ	842	stan/Stan
ᚾᚨᛊᛏᛖᛜᛈᛡᛁᛖ	841	następnie
ᛁᛗ	840	im
ᛈᛁᛊᚨК	839	pisać
ᛒᚤᚹᛟᛒᚤ	838	byłoby
ᛏᛖ	835	te
ᛃᛟᛜ	834	ją
ᛞᚹᚢᚷᛟ	833	długo
⫯ᛖᛢ	831	rzecz
ᛉᛟᛒᚨᛢᚤК	830	zobaczyć
ᛗᚢ	829	mu
ᛞᛝᚨ	828	dwa
ᛗᚨ	827	ma
ᛇᚢᚲᚨК	826	szukać
ᛯᛁᛖᛡ	824	dzień
ᛚᛁᛢᛒᚨ	823	liczba
ᛁᛋК	822	iść
ᛈ⫯ᚤᛃᛋК	821	przyjść
ᛒ⫯ᛗᛁᛖК	818	brzmieć
ᚾᚨᛃᛒᚨᚱᛯᛁᛖᛃ	816	najbardziej
ᛚᚢᛯᛁᛖ	815	ludzie
ᛈᛟᚾᚨᛞ	813	ponad
ᛝᛁᛖᛗ	812	wiem
ᛝᛟᛞᚨ	811	woda
ᛡᛁ⫯	810	niż
ᛝᛖᛉᛝᚨᛡᛁᛖ	809	wezwanie
ᛈᛁᛖᚱᛝᛇᚤ	808	pierwszy
ᚲᛏᛟ	807	kto
ᛞᚢᚹ	805	dół
ᛒᛟᚲ	804	bok
ᛏᛖᚱᚨᛉ	802	teraz
ᛟᛞᚾᚨᛚᛖᛠК	801	odnaleźć
ᚷᚹᛟᛝᚨ	800	głowa
ᛊᛏᚨК	799	stać
ᛝᚹᚨᛊᚾᚨ	798	własna
ᛈᛟᛝᛁᚾᚾᚨ	796	powinna
ᚲᚱᚨᛃ	795	kraj
ᛉᚾᚨᛚᛖᛠᛁᛟᚾᛟ	794	znaleziono
ᛟᛞᛈᛟᛝᛁᛖᛯ	793	odpowiedź
ᛇᚲᛟᚹᚨ	792	szkoła
ᚱᛟᛊᚾᛟᛜК	791	rosnąć
ᛒᚨᛞᚨᛡᛁᛖ	790	badanie
ᚱᛟᛋᛚᛁᚾ	787	roślin
ᛟᚲᚹᚨᛞᚲᚨ	786	okładka
ᛃᛖᛥᛖᛡᛁᛖ	785	jedzenie
ᛊᚹᛟᛡᚴᛖ	784	słońce
ᛢᛏᛖᚱᚤ	783	cztery
ᛉᚨᚻᛟᛝᚨК	780	zachować
ᛟᚲᛟ	779	oko
ᛡᛁᚷᛞᚤ	778	nigdy
ᛟᛊᛏᚨᛏᛡᛁᚨ	777	ostatnia
ᛡᛁᛖᚻ	776	niech
ᛗᚤᛋᛚᛁ	775	myśli
ᛞ⫯ᛖᛝᛟ	773	drzewo
ᚲ⫯ᚤ⫯	772	krzyż
ᚷᛟᛊᛈᛟᛞᚨᚱᛊᛏᛝᛟ	771	gospodarstwo
ᛈᛟᛢᛟᛜᛏᛖᚲ	769	początek
ᛈᛁᚹᚨ	766	piła
ᛞᚨᛚᛖᚲᛟ	765	daleko
ᚱᚤᛊᛟᛝᚨК	763	rysować
ᛚᛖᛝᛟ	762	lewo
ᛈᚢᛠᚾᛟ	761	późno
ᚾᚨКᛁᛋᛡᛁᛃ	757	naciśnij
ᚾᛟᚴ	755	noc
⫯ᚤКᛁᛖ	753	życie
ᛈᚢᚹᚾᛟᚴ	751	północ
ᚲᛋᛁᛟᛜ⫯ᚲᚨ	750	książka
ᛡᛁᛖᛋК	749	nieść
ᛝᛠᛁᛟᛜᚹ	748	wziął
ᚾᚨᚢᚲᚨ	747	nauka
ᛃᛖᛋК	746	jeść
ᛈᛟᚲᚢᛃ	745	pokój
ᛈ⫯ᚤᛃᚨКᛁᛖᛚ	744	przyjaciel
ᚱᛟᛉᛈᛟᛢᛟᛜᚹ	743	rozpoczął
ᛈᛟᛗᚤᛊᚹ	742	pomysł
ᚱᚤᛒ	741	ryb
ᚷᚢᚱᚨ	740	góra
ᛉᚨᛏ⫯ᚤᛗᚨК	739	zatrzymać
ᚱᚨᛉ	738	raz
ᛈᛟᛞᛊᛏᚨᛝᚨ	737	podstawa
ᛊᚹᚤᛇᛖК	736	słyszeć
ᚲᛟᛡ	735	koń
КᛁᛖᛜКᛁᛖ	734	cięcie
ᛟᚷᛚᛟᛜᛞᚨК	732	oglądać
ᚲᛟᛚᛟᚱ	731	kolor
ᛏᛝᚨ⫯	730	twarz
ᛞᚱᛖᛝᚾᚨ	729	drewna
ᛟᛏᛝᚨᚱᛏᛖ	727	otwarte
ᛝᚤᛞᚨᛃᛟᛜ	726	wydają
ᚱᚨᛉᛖᛗ	725	razem
ᚾᚨᛊᛏᛖᛜᛈᚾᚨ	724	następna
ᛒᛁᚨᚹᚤ	723	biały
ᛯᛁᛖКᛁ	722	dzieci
ᛉᚨᛢᛟᛜК	721	zacząć
ᚻᛟᛯᛁК	719	chodzić
ᛈ⫯ᚤᚲᚹᚨᛞ	718	przykład
ᚹᚨᛏᛝᛟᛋК	717	łatwość
ᛈᚨᛈᛁᛖᚱ	716	papier
ᚷᚱᚢᛈᚨ	715	grupa
ᛉᚨᛝᛇᛖ	714	zawsze
ᛗᚢᛉᚤᚲᚨ	713	muzyka
ᛟᛊᚢᛒ	712	osób
ᛉᚨᚱᚢᛝᚾᛟ	711	zarówno
ᛢᛖᛜᛊᛏᛟ	709	często
ᛚᛁᛊᛏ	708	list
⫯ᛖᚲᚨ	705	rzeka
ᛊᚨᛗᛟᚻᚢᛞ	704	samochód
ᛊᛏᛟᛈᚤ	703	stopy
ᛟᛈᛁᛖᚲᚨ	702	opieka
ᛞᚱᚢᚷᛁ	701	drugi
ᛝᚤᛊᛏᚨᚱᛢᚤ	700	wystarczy
ᛯᛁᛖᛝᛢᚤᚾᚨ	698	dziewczyna
ᛗᚹᛟᛞᚤ	696	młody
ᛈᛟᛝᚤ⫯ᛖᛃ	694	powyżej
ᚲᛁᛖᛞᚤᚲᛟᛚᛝᛁᛖᚲ	693	kiedykolwiek
ᛢᛖᚱᛝᛟᚾᚤ	692	czerwony
ᛚᛁᛊᛏᚨ	691	lista
ᚻᛟКᛁᚨ⫯	690	chociaż
ᛢᚢК	689	czuć
ᛞᚤᛊᚲᚢᛊᛃᚨ	688	dyskusja
ᛈᛏᚨᚲᚨ	687	ptaka
ᛝᚲᚱᚢᛏᚴᛖ	686	wkrótce
Кᛁᚨᚹᛟ	685	ciało
ᛈᛁᛖᛊ	684	pies
ᚱᛟᛯᛁᚾᚨ	683	rodzina
ᛒᛖᛉᛈᛟᛋᚱᛖᛞᛡᛁᛖ	682	bezpośrednie
ᛉᛟᛊᛏᚨᛝᛁК	680	zostawić
ᛈᛁᛟᛊᛖᚾᚲᚨ	679	piosenka
ᛈᛟᛗᛁᚨᚱᚢ	678	pomiaru
ᛞ⫯ᛝᛁ	677	drzwi
ᛈᚱᛟᛞᚢᚲᛏ	676	Produkt
ᛢᚨᚱᚾᚤ	675	czarny
ᚲᚱᚢᛏᚲᛁ	674	krótki
ᛚᛁᛢᛖᛒᛡᛁᚲ	673	liczebnik
ᚲᛚᚨᛊᚨ	672	Klasa
ᛝᛁᚨᛏᚱ	671	wiatr
ᛈᚤᛏᚨᛡᛁᛖ	670	pytanie
ᛊᛏᚨᛡᛁᛖ	669	stanie
ᛊᛏᚨᛏᛖᚲ	667	statek
ᛟᛒᛇᚨᚱ	666	obszar
ᛈᛟᚹᛟᛝᚨ	665	połowa
ᛊᚲᚨᛚᚾᚤ	664	skalny
ᛉᚨᛗᚢᛝᛁᛖᛡᛁᛖ	663	zamówienie
ᛟᚷᛁᛖᛡ	662	ogień
ᛈᚱᛟᛒᛚᛖᛗ	660	problem
ᛇᛏᚢᚲ	659	sztuk
ᛝᛁᛖᛯᛁᚨᚹ	657	wiedział
ᛈ⫯ᛖᚲᚨᛉᚨК	656	przekazać
ᛟᛞ	655	od
ᚷᚢᚱᚤ	654	góry
ᚴᚨᚹᚤ	653	cały
ᚲᚱᚢᛚ	652	król
ᚢᛚᛁᚴᚨ	651	ulica
ᛈ⫯ᛟᛞᚢ	651	przodu
ᚴᚨᛚ	650	cal
ᛗᚾᛟ⫯ᛖᛡᛁᛖ	649	mnożenie
ᛡᛁᚴ	648	nic
ᛟᛢᚤᛝᛁᛋКᛁᛖ	647	Oczywiście
ᛈᛟᛒᚤᛏ	646	pobyt
ᚲᛟᚹᛟ	645	koło
ᛋᛁᚹᚨ	643	siła
ᛡᛁᛖᛒᛁᛖᛊᚲᛁ	642	niebieski
ᛟᛒᛁᛖᚲᛏ	641	obiekt
ᛉᛞᛖᚴᚤᛞᛟᛝᚨК	640	zdecydować
ᛈᛟᛝᛁᛖ⫯ᚻᛡᛁᚨ	639	powierzchnia
ᚷᚹᛖᛜᛒᛟᚲᛟ	638	głęboko
ᚲᛋᛁᛖᛜ⫯ᚤᚴ	637	księżyc
ᛝᚤᛊᛈᚨ	636	wyspa
ᛯᛁᛖᚴᚲᛟ	636	dziecko
ᛊᚤᛊᛏᛖᛗ	634	System
ᛉᚨᛃᛖᛜᛏᚤ	633	zajęty
ᚱᛖᚲᛟᚱᛞ	631	rekord
ᚹᚢᛯ	630	łódź
ᛝᛊᛈᚢᛚᚾᚤ	629	wspólny
ᛉᚹᛟᛏᚨ	628	złota
ᛗᛟ⫯ᛚᛁᛝᛖ	627	możliwe
ᛊᚨᛗᛟᛚᛟᛏ	626	samolot
ᛊᚢᚻᛖ	624	suche
ᛉᚨᛊᛏᚨᚾᚨᛝᛁᚨᛗ	623	zastanawiam
ᛋᛗᛁᛖᚻ	622	śmiech
ᛏᚤᛋᛁᛟᛜᚴ	621	tysiąc
ᛏᛖᛗᚢ	620	temu
ᛊᛈᚱᚨᛝᛯ	618	sprawdź
ᚷᚱᚨ	617	gra
ᚲᛇᛏᚨᚹᛏ	616	kształt
ᛉᚱᚢᛝᚾᚨК	615	zrównać
ᛈᚨᚾᚾᚨ	613	panna
ᛝᛡᛁᛖᛋᛁᛟᚾᚨ	612	wniesiona
Кᛁᛖᛈᚹᛟ	611	ciepło
ᛋᛡᛁᛖᚷ	610	śnieg
ᛟᛈᛟᚾ	609	opon
ᛈ⫯ᚤᛡᛁᛖᛋК	608	przynieść
ᛟᛞᛚᛖᚷᚹᚤ	606	odległy
ᚾᚨᛈᛖᚹᛡᛁᚨК	605	napełniać
ᛝᛊᚻᚢᛞ	604	wschód
ᛗᚨᛚᛟᛝᚨК	603	malować
ᛃᛖᛜᛉᚤᚲ	602	język
ᛃᛖᛞᚾᛟᛊᛏᚲᚨ	600	jednostka
ᛝᛁᛖᚲ	600	wiek
ᛚᚨᛏᚨК	595	latać
ᛊᛈᚨᛞᛖᚲ	594	spadek
ᛈᚱᛟᛝᚨᛯᛁК	593	prowadzić
Кᛁᛖᛗᚾᚤ	591	ciemny
ᛗᚨᛇᚤᚾᚨ	590	maszyna
ᚢᛝᚨᚷᚨ	589	uwaga
ᛢᛖᚲᚨК	588	czekać
ᛈᛚᚨᛡᛁᛖ	587	planie
Кᛁᚻᚤ	587	cichy
ᚱᚤᛊᚢᚾᛖᚲ	586	rysunek
ᚷᛝᛁᚨᛉᛞᚨ	585	gwiazda
ᛊᚲ⫯ᚤᚾᚲᚨ	584	Skrzynka
⫯ᛖᛢᛟᛝᛡᛁᚲ	583	rzeczownik
ᛈᛟᛚᛖ	582	pole
ᚱᛖᛇᛏᚨ	581	reszta
ᛈᛟᛈᚱᚨᛝᚾᚤ	580	poprawny
ᛉᛞᛟᛚᚾᚤ	579	zdolny
ᚠᚢᚾᛏ	578	funt
ᚢᚱᛟᛞᚤ	576	urody
ᚾᚨᛈᛖᛜᛞ	575	napęd
ᛊᛏᚨᚹ	574	stał
ᛉᚨᛝᛁᛖᚱᚨᛃᛟᛜ	573	zawierają
ᛏᚤᛯᛁᛖᛡ	570	tydzień
ᛟᛊᛏᚨᛏᛖᛢᚾᚨ	569	ostateczna
ᛞᚨᚹ	568	dał
ᛠᛁᛖᛚᛟᚾᚤ	567	zielony
ᛇᚤᛒᚲᛁ	565	szybki
ᚱᛟᛉᛝᛁᛃᚨК	564	rozwijać
ᛟᚴᛖᚨᚾ	563	ocean
Кᛁᛖᛈᚹᚤ	562	ciepły
ᛞᚨᚱᛗᛟ	561	darmo
ᛗᛁᚾᚢᛏ	560	minut
ᛋᛁᛚᚾᚤ	559	silny
ᛊᛈᛖᚴᛃᚨᛚᚾᛖ	558	Specjalne
ᚢᛗᚤᛊᚹ	557	umysł
ᛃᚨᛊᚾᛖ	555	jasne
ᛟᚷᛟᚾ	554	ogon
ᛈᚱᛟᛞᚢᚲᛟᛝᚨК	553	produkować
ᚠᚨᚲᛏ	552	fakt
ᛈ⫯ᛖᛊᛏ⫯ᛖᛡ	551	przestrzeń
ᛊᚹᚤᛇᚨᚹᛖᛗ	550	słyszałem
ᚾᚨᛃᛚᛖᛈᛇᚤ	549	najlepszy
ᚷᛟᛯᛁᚾᚨ	548	godzina
ᛚᛖᛈᛁᛖᛃ	547	lepiej
ᛊᛏᛟ	544	sto
ᛈᛁᛖᛜК	543	pięć
ᛈᚨᛗᛁᛖᛜᛏᚨᛃ	542	pamiętaj
ᚲᚱᛟᚲ	541	krok
ᛝᛢᛖᛋᛡᛁᛖ	540	wcześnie
ᛈ⫯ᚤᛏ⫯ᚤᛗᚨᛃ	539	przytrzymaj
ᛉᚨᚻᚢᛞ	538	zachód
ᛟᛞᛊᛖᛏᚲᛁ	536	odsetki
ᛞᛟᛏ⫯ᛖК	535	dotrzeć
ᛇᚤᛒᚲᛟ	534	szybko
ᛢᚨᛊᛟᛝᛡᛁᚲ	533	czasownik
ᛋᛈᛁᛖᛝᚨК	532	śpiewać
ᛊᚹᚢᚻᚨК	531	słuchać
ᛇᛖᛋК	530	sześć
ᛊᛏᚢᚹ	529	stół
ᛈᛟᛞᚱᚢ⫯ᚤ	528	podróży
ᛗᛡᛁᛖᛃ	527	mniej
ᛗᛖᛢ	527	mecz
ᚱᚨᚾᛟ	526	rano
ᛯᛁᛖᛋᛁᛖᛜК	525	dziesięć
ᛈᚱᛟᛊᛏᛖ	524	proste
ᛊᚨᛗᛟᚷᚹᛟᛊᚲᚨ	522	samogłoska
ᚲᛁᛖᚱᚢᚾᚲᚢ	521	kierunku
ᛝᛟᛃᚾᚨ	520	wojna
ᛋᛝᛁᛖᚴᚲᛁᚻ	519	świeckich
ᛝᛉᚢᚱ	517	wzór
ᛈᛟᛝᛟᛚᚾᚤ	516	powolny
ᚴᛖᚾᛏᚱᚢᛗ	515	centrum
ᛗᛁᚹᛟᛋК	514	miłość
ᛟᛊᛟᛒᚨ	513	osoba
ᛈᛁᛖᛡᛁᛟᛜᛥᛖ	512	pieniądze
ᛊᚹᚢ⫯ᚤК	511	służyć
ᛈᛟᛃᚨᛝᛁᚨᛃᛟᛜ	510	pojawiają
ᛞᚱᛟᚷᛟᛝᛖᚷᛟ	509	drogowego
ᛗᚨᛈᚨ	508	Mapa
ᛞᛖᛇᛢ	507	deszcz
ᚱᛖᚷᚢᚹᚨ	506	reguła
⫯ᛟᛜᛯᛁК	505	rządzić
ᛠᛁᛗᚾᛟ	503	zimno
ᛟᚷᚹᛟᛇᛖᛡᛁᛖ	502	ogłoszenie
ᚷᚹᛟᛊ	501	głos
ᛖᚾᛖᚱᚷᛁᛁ	500	energii
ᛈᛟᛚᛟᛝᚨᛡᛁᛖ	499	polowanie
ᛈᚱᚨᛝᛞᛟᛈᛟᛞᛟᛒᚾᛖ	498	prawdopodobne
ᚹᚢ⫯ᚲᛟ	497	łóżko
ᛒᚱᚨᛏ	496	brat
ᛃᚨᛃᚲᛟ	495	jajko
ᛃᚨᛉᛞᚨ	494	jazda
ᚲᛟᛗᚢᚱᛖᚲ	493	komórek
ᛝᛁᛖ⫯ᚤК	492	wierzyć
ᛋᛗᛁᛖᚱК	490	śmierć
ᚾᚨᚷᚹᚤ	489	nagły
ᚱᚨᛗᛁᛖᛜ	489	ramię
ᛚᛁᛢᚤК	488	liczyć
ᛈᛚᚨᚴ	487	plac
ᛈᛟᛝᛟᛞᛖᛗ	486	powodem
ᛞᚹᚢᚷᛟᛋК	485	długość
ᛇᛏᚢᚲᚨ	483	sztuka
ᛏᛖᛗᚨᛏ	482	Temat
ᚱᛖᚷᛁᛟᚾ	481	Region
ᚱᛟᛉᛗᛁᚨᚱ	480	rozmiar
ᛟᛋᛁᛖᛞᛚᛖᛡᛁᛖ	478	osiedlenie
ᛗᚢᛝᛁК	477	mówić
ᛝᚨᚷᚨ	476	waga
ᛟᚷᚢᛚᛡᛁᛖ	475	ogólnie
ᛚᚢᛞ	474	lód
ᛝᛉᚷᛚᛖᛜᛞᚢ	473	względu
ᚲᚱᛟᛜᚷ	472	krąg
ᛈᚨᚱᚨ	471	para
ᛉᚨᛝᛁᛖᚱᚨК	470	zawierać
ᛈᛟᛯᛁᛖᛚᛁК	469	podzielić
ᛊᚤᛚᚨᛒᚤ	468	sylaby
ᚠᛁᛚᚴ	467	filc
ᛈᛁᚹᚲᚨ	465	piłka
ᛊᚲᛚᛖᛈ	465	sklep/Sklep
ᚠᚨᛚᚨ	463	fala
ᚢᛈᚢᛋКᛁК	462	upuścić
ᛊᛖᚱᚴᛖ	461	serce
ᛇᛖᚱᛟᚲᛁ	461	szeroki
ᛡᛁᛡᛁᛖᛃᛇᚤ	459	Niniejszy
Кᛁᛖᛜ⫯ᚲᛁ	458	ciężki
ᛏᚨᛡᛁᛖᚴ	457	taniec
ᛋᛁᛚᛡᛁᚲ	456	silnik
ᛊᛏᚨᚾᛟᛝᛁᛊᚲᛟ	455	stanowisko
⫯ᚨᚷᛁᛖᛚ	452	żagiel
ᛗᚨᛏᛖᚱᛁᚨᚹ	451	materiał
ᚠᚱᚨᚲᚴᛃᚨ	450	frakcja
ᛚᚨᛊ	449	las
ᛋᛁᛖᛯᛁᛖК	448	siedzieć
ᛝᚤᛋКᛁᚷ	447	wyścig
ᛟᚲᚾᛟ	446	okno
ᛚᚨᛏᛟ	444	lato
ᛈᛟКᛁᛟᛜᚷ	443	pociąg
ᛊᛖᚾ	442	sen
ᛞᛟᛝᛁᛖᛋК	441	dowieść
ᛊᚨᛗᛟᛏᚾᚤ	440	samotny
Кᛝᛁᛢᛖᛡᛁᛖ	438	ćwiczenie
ᛋКᛁᚨᚾᚨ	437	ściana
ᛗᛟᚴᛟᛝᚨᛡᛁᛖ	435	mocowanie
ᚻКᛁᛖК	434	chcieć
ᛡᛁᛖᛒᛟ	433	niebo
ᛝᚤ⫯ᚤᛝᛁᛖᛡᛁᛖ	432	wyżywienie
ᚱᚨᛞᛟᛋК	431	radość
ᛠᛁᛗᚨ	430	zima
ᚾᚨᛊᚤᚴᛟᚾᚤᛗ	429	nasyconym
ᛝᛁᛞᛟᚲ	429	widok
ᚾᚨᛈᛁᛊᚨᚾᛖ	428	napisane
ᛯᛁᚲᛁ	427	dziki
ᛁᚾᛊᛏᚱᚢᛗᛖᚾᛏ	426	instrument
ᚢᛏ⫯ᚤᛗᚨᚾᛖ	425	utrzymane
ᛇᚲᚹᚨ	424	szkła
ᛏᚱᚨᛝᚲᚨ	423	trawka
ᚲᚱᛟᛝᚨ	422	krowa
ᚲᚱᚨᛝᛖᛜᛯ	420	krawędź
ᛝᛁᛉᚤᛏᚨ	418	wizyta
ᛈ⫯ᛖᛇᚹᛟᛋК	417	przeszłość
ᛗᛁᛖᛜᚲᚲᛁᛖ	416	miękkie
ᛉᚨᛒᚨᛝᚤ	415	zabawy
ᛃᚨᛊᚾᚤ	414	jasny
ᚷᚨᛉ	413	gaz
ᛈᛟᚷᛟᛞᚨ	412	pogoda
ᛗᛁᛖᛋᛁᛟᛜᚴ	411	miesiąc
ᛗᛁᛚᛁᛟᚾ	410	milion
ᛡᛁᛖᛯᛝᛁᛖᛯ	409	niedźwiedź
ᛝᚤᚲᛟᛡᛢᛖᛡᛁᛖ	408	wykończenie
ᛇᛢᛖᛜᛋᛚᛁᛝᚤ	407	szczęśliwy
ᚾᚨᛯᛁᛖᛃᛖᛜ	406	nadzieję
ᚲᛝᛁᚨᛏ	405	kwiat
ᛟᛯᛁᚨК	404	odziać
ᛯᛁᛝᚾᚤ	403	dziwny
ᛟᛞᛇᛖᛞᚹ	402	Odszedł
ᚻᚨᚾᛞᛖᛚ	401	handel
ᛗᛖᛚᛟᛞᛁᚨ	400	melodia
ᛝᚤКᛁᛖᛢᚲᚨ	399	wycieczka
ᛒᛁᚢᚱᛟ	398	biuro
ᛟᛏ⫯ᚤᛗᚨК	397	otrzymać
ᛝᛁᛖᚱᛇ	396	wiersz
ᚢᛊᛏᚨ	395	usta
ᛞᛟᚲᚹᚨᛞᚾᚤ	394	dokładny
ᛊᚤᛗᛒᛟᛚ	393	symbol
ᚾᚨᛃᛗᛡᛁᛖᛃ	391	najmniej
ᚲᚹᛟᛈᛟᛏ	390	kłopot
ᛝᚤᛃᛟᛜᛏᚲᛁᛖᛗ	388	wyjątkiem
ᚾᚨᛈᛁᛊᚨᚹ	387	napisał
ᛊᛈᚱᚨᛝᚨ	387	sprawa
ᚾᚨᛋᛁᛟᚾ	386	nasion
ᛏᛟᚾ	385	ton
ᛞᛟᚹᛟᛜᛢᚤК	384	dołączyć
ᛊᚢᚷᛖᚱᚢᛃᛟᛜ	383	sugerują
ᛢᚤᛊᛏᛖ	382	czyste
ᛈ⫯ᛖᚱᛝᚨ	381	przerwa
ᛈᚨᛡᛁ	380	pani
ᛊᛏᛟᛢᛡᛁ	379	stoczni
ᛝᛉᚱᛟᛊᚾᛟᛜК	378	wzrosnąć
ᛉᚹᚤ	377	zły
Кᛁᛟᛊ	376	cios
ᛟᛚᛖᛃ	375	olej
ᛉᛒᛁᛖᚱᚨК	375	zbierać
ᚲᚱᛝᛁ	374	krwi
ᛞᛟᛏᚲᚾᛟᛜК	373	dotknąć
ᛝᛉᚱᛟᛊᚹᚨ	372	wzrosła
ᚴᛖᚾᛏᚢᛝ	371	centów
ᛞᚱᚢᛏ	368	drut
ᚲᛟᛇᛏ	367	koszt
ᛊᛏᚱᚨᚴᛟᚾᚤ	366	stracony
ᛒᚱᛟᛜᛉᛟᛝᚤ	365	brązowy
ᚾᛟᛋᛁК	364	nosić
ᛟᚷᚱᚢᛞ	363	ogród
ᚱᚢᛝᚾᚤ	362	równy
ᛝᚤᛊᚹᚨᚾᚤ	361	wysłany
ᛊᛈᚨᛞᚹᚨ	359	spadła
ᛈᚨᛊᛟᛝᚨК	358	pasować
ᛈᚹᚤᚾᛟᛜК	357	płynąć
ᛊᛈᚱᚨᛝᛁᛖᛞᛚᛁᛝᚤ	356	sprawiedliwy
ᛒᚨᚾᚲ	355	Bank
ᛝᚤᛡᛁᚲ	354	wynik
ᛟᛇᛢᛖᛜᛥᚨК	353	oszczędzać
ᚲᛟᚾᛏᚱᛟᛚᚨ	352	kontrola
ᛯᛁᛖᛋᛁᛖᛜᛏᚾᚤ	351	dziesiętny
ᚢᚻᛟ	350	ucho
ᚴᚨᚹᚲᛁᛖᛗ	348	całkiem
ᛉᚹᚨᛗᚨᚹ	347	złamał
ᛋᚱᛖᛞᛡᛁᛖᛃ	345	średniej
ᛉᚨᛒᛁК	344	zabić
ᛊᚤᚾ	343	syn
ᛃᛖᛠᛁᛟᚱᛟ	342	jezioro
ᚻᛝᛁᛚᛖᛜ	341	chwilę
ᛊᚲᚨᛚᚨ	340	skala
ᚷᚹᛟᛋᚾᛟ	339	głośno
ᛝᛁᛟᛊᚾᚨ	338	wiosna
ᛟᛒᛊᛖᚱᛝᛟᛝᚨК	337	obserwować
ᛈᚱᛟᛊᛏᛟ	335	prosto
ᛊᛈᚢᚹᚷᚹᛟᛊᚲᚨ	334	spółgłoska
ᚾᚨᚱᚢᛞ	333	naród
ᛊᚹᛟᛝᛡᛁᚲ	332	Słownik
ᛗᛚᛖᚲᛟ	331	mleko
ᛈᚱᛖᛜᛞᚲᛟᛋК	330	prędkość
ᛗᛖᛏᛟᛞᚨ	329	metoda
ᚾᚨ⫯ᛟᛜᛞ	328	narząd
ᛈᚹᚨКᛁК	327	płacić
ᛊᛖᚲᚴᛃᚨ	325	sekcja
ᛊᚢᚲᛁᛖᚾᚲᚨ	324	sukienka
ᚻᛗᚢᚱᚨ	323	chmura
ᛡᛁᛖᛊᛈᛟᛯᛁᚨᚾᚲᚨ	322	niespodzianka
ᚲᚨᛗᛁᛖᛡ	320	kamień
ᛗᚨᚹᛖ	319	małe
ᛝᛉᚾᛟᛇᛖᛡᛁᚨ	318	wznoszenia
ᚻᚹᛟᛞᚾᚤ	317	chłodny
ᛈᚱᛟᛃᛖᚲᛏ	316	projekt
ᛊᚹᚨᛒᚨ	315	słaba
ᛖᚲᛊᛈᛖᚱᚤᛗᛖᚾᛏ	313	eksperyment
ᛞᛟᛚᚾᚤ	312	dolny
ᚲᛚᚢᛢ	311	klucz
⫯ᛖᛚᚨᛉᚨ	310	żelaza
ᛈᛟᛃᛖᛞᚤᚾᛢᚤ	309	pojedynczy
ᚲᛁᛃ	308	kij
ᛗᛁᛖᛇᚲᚨᛡᛁᛖ	307	mieszkanie
ᛞᛝᚨᛯᛁᛖᛋКᛁᚨ	306	dwadzieścia
ᛊᚲᚢᚱᚨ	305	skóra
ᚢᛋᛗᛁᛖᚻ	304	uśmiech
ᛗᚨᚱᛇᛢᚤК	303	marszczyć
ᛟᛏᛝᚢᚱ	302	otwór
ᛊᚲᛟᚲ	301	skok
ᛟᛋᛁᛖᛗ	299	osiem
ᛝᛁᛖᛋ	298	wieś
ᛊᛈᛟᛏᚲᚨК	297	spotkać
ᚲᛟ⫯ᛖᛡ	296	korzeń
ᚲᚢᛈᛁК	295	kupić
ᛈᛟᛞᛡᛁᛖᛋК	294	podnieść
ᚱᛟᛉᛝᛁᛟᛜᛉᚨᛡᛁᚨ	293	rozwiązania
ᛗᛖᛏᚨᛚᚢ	292	metalu
ᛢᚤ	291	czy
ᛈᚻᛡᛁᛖᛜКᛁᛖ	290	pchnięcie
ᛋᛁᛖᛞᛖᛗ	289	siedem
ᛏ⫯ᛖКᛁ	287	trzeci
ᛈᛟᛝᛁᛡᛁᛖᚾ	286	powinien
ᛝᚹᛟᛊᚤ	284	włosy
ᛟᛈᛁᛊᚨᛡᛁᚨ	283	opisania
ᚲᚢᚻᚨ⫯	282	kucharz
ᛈᛁᛖᛜᛏᚱᛟ	281	piętro
ᚨᛚᛒᛟ	280	albo
ᛈᚨᛚᛁК	278	palić
ᛝᛉᚷᚢ⫯ᚢ	277	wzgórzu
ᛒᛖᛉᛈᛁᛖᛢᚾᛖ	276	bezpieczne
ᚲᛟᛏ	275	kot
ᚱᛟᛉᛝᚨ⫯ᚨК	273	rozważać
ᛏᚤᛈ	272	Typ
ᚲᚨᛝᚨᚹᛖᚲ	270	kawałek
ᛝᚤᛒ⫯ᛖ⫯ᛖ	269	Wybrzeże
ᚲᛟᛈᛁᚨ	268	kopia
ᛉᛝᚱᛟᛏ	267	Zwrot
ᛈᛁᚨᛊᛖᚲ	264	piasek
ᚷᛚᛖᛒᚤ	263	gleby
ᚱᛟᛚᚲᛁ	262	rolki
ᛏᛖᛗᛈᛖᚱᚨᛏᚢᚱᚨ	261	temperatura
ᛈᚨᛚᛖᚴ	260	palec
ᛈ⫯ᛖᛗᚤᛊᚹ	259	przemysł
ᛝᚨᚱᛏᛟᛋК	258	wartość
ᛝᚨᛚᚲᚨ	257	walka
ᚲᚹᚨᛗᛊᛏᛝᛟ	256	kłamstwo
ᛈᛟᚲᛟᚾᚨК	255	pokonać
ᛈᛟᛞᛡᛁᛖᚴᚨК	254	podniecać
ᚾᚨᛏᚢᚱᚨᛚᚾᛖ	253	naturalne
ᛈᛟᛢᚢКᛁᛖ	251	poczucie
ᚲᚨᛈᛁᛏᚨᚹ	250	kapitał
ᚲ⫯ᛖᛊᚹᛟ	248	krzesło
ᛡᛁᛖᛒᛖᛉᛈᛁᛖᛢᛖᛡᛊᛏᛝᛟ	247	niebezpieczeństwo
ᛟᛝᛟᚴ	246	owoc
ᛒᛟᚷᚨᛏᚤ	245	bogaty
ᚷᚱᚢᛒᚤ	244	gruby
⫯ᛟᚹᛡᛁᛖ⫯	243	żołnierz
ᛈᚱᛟᚴᛖᛊ	242	proces
ᛈᚱᚨᚴᛟᛝᚨК	241	pracować
ᛈᚱᚨᚲᛏᚤᚲᚨ	240	praktyka
ᛟᛞᛯᛁᛖᛚᚾᛖ	239	oddzielne
ᛚᛖᚲᚨ⫯	237	lekarz
ᛈᚱᛟᛇᛖᛜ	236	proszę
ᛟᚻᚱᛟᚾᚤ	235	ochrony
ᚢᛈᚱᚨᛝ	233	upraw
ᚾᛟᛝᛟᛢᛖᛊᚾᚤ	232	nowoczesny
ᛖᛚᛖᛗᛖᚾᛏᚢ	231	elementu
ᚢᛞᛖ⫯ᚨК	230	uderzać
ᚢᛢᛖᛡ	229	uczeń
ᚾᚨᚱᛟ⫯ᛡᛁᚲ	228	narożnik
ᛉᚨᛋᛁᛚᚨᛡᛁᛖ	226	Zasilanie
ᚲᛏᚢᚱᛖᚷᛟ	225	którego
ᛚᛟᚲᚨᛚᛁᛉᛟᛝᚨК	224	lokalizować
ᛈᛁᛖᚱᛋКᛁᛖᛡ	223	pierścień
ᛉᚾᚨᚲᚢᛝ	222	znaków
ᛟᛝᚨᛞ	221	owad
ᛉᚹᚨᛈᚨᚾᚤ	220	złapany
ᛟᚲᚱᛖᛊ	219	okres
ᛝᛊᚲᚨᛉᚢᛃᛟᛜ	218	wskazują
ᚱᚨᛞᛁᛟ	217	Radio
ᛉᚨᛒᚱᚨᚹ	216	zabrał
ᚨᛏᛟᛗ	215	atom
ᛚᚢᛥᚲᛁ	214	ludzki
ᛖᚠᛖᚲᛏ	212	efekt
ᛖᛚᛖᚲᛏᚱᚤᛢᚾᚤ	211	elektryczny
ᛟᛢᛖᚲᛁᛝᚨК	210	oczekiwać
ᚲᛟᛋКᛁ	209	kości
ᛇᚤᚾᚨ	208	szyna
ᛝᚤᛟᛒᚱᚨᛠᛁК	207	wyobrazić
ᛉᚨᛈᛖᛝᛡᛁᚨК	206	zapewniać
ᛉᚷᚨᛥᚨᛗ	205	zgadzam
ᛝᛁᛖᛜᚴ	204	więc
ᚹᚨᚷᛟᛞᚾᚤ	203	łagodny
ᚲᛟᛒᛁᛖᛏᚨ	202	kobieta
ᚲᚨᛈᛁᛏᚨᚾ	201	kapitan
ᛟᛞᚷᚨᛞᚾᛟᛜК	200	odgadnąć
ᚲᛟᛡᛁᛖᛢᚾᛖ	199	konieczne
ᛟᛊᛏᚱᚤ	198	ostry
ᛊᚲ⫯ᚤᛞᚹᛟ	197	skrzydło
ᛊᛏᛝᛟ⫯ᛖᛡᛁᚨ	196	stworzenia
ᛊᛟᛜᛋᛁᚨᛞ	195	sąsiad
ᛗᚤᛃᛡᛁᚨ	194	myjnia
ᛡᛁᛖᛏᛟᛈᛖ⫯	193	nietoperz
ᚱᚨᛢᛖᛃ	192	raczej
ᛏᚹᚢᛗ	191	tłum
ᚲᚢᚲᚢᚱᚤᛥᚨ	190	kukurydza
ᛈᛟᚱᚢᛝᚾᚨᛡᛁᛖ	189	porównanie
ᛈᛟᛖᛗᚨᛏ	188	poemat
ᛇᚾᚢᚱ	187	sznur
ᛥᛝᛟᚾ	186	dzwon
ᛉᚨᛚᛖ⫯ᚤ	185	zależy
ᛗᛁᛖᛜᛊᛟ	184	mięso
ᛏ⫯ᛖК	183	trzeć
ᚱᚢᚱᚲᚨ	182	rurka
ᛊᚹᚤᚾᚾᚤ	181	słynny
ᛞᛟᛚᚨᚱ	180	dolar
ᛊᛏᚱᚢᛗᛁᛖᛡ	179	strumień
ᛊᛏᚱᚨᚻ	178	strach
Кᛁᛖᚾᚲᛁ	176	cienki
ᛏᚱᚢᛃᚲᛟᛜᛏ	175	trójkąt
ᛈᛚᚨᚾᛖᛏᚨ	174	planeta
ᛈᛟᛊᛈᛁᛖᛇ	173	pospiesz
ᛇᛖᚠ	172	szef
ᚲᛟᛚᛟᛡᛁᚨ	171	kolonia
ᛉᛖᚷᚨᚱᚤ	170	Zegary
ᚲᛟᛈᚨᛚᛡᛁᚨ	169	kopalnia
ᚲᚱᚨᛝᚨᛏ	168	krawat
ᛝᛖᛃᛋК	167	wejść
ᛋᛝᛁᛖ⫯ᚤ	165	świeży
ᛇᚢᚲᚨᛃ	164	szukaj
ᛝᚤᛋᛚᛁᛃ	163	wyślij
⫯ᚢᚹᛏᚤ	162	żółty
ᛈᛁᛊᛏᛟᛚᛖᛏ	161	pistolet
ᛞᛟᛈᚢᛇᛢᚨК	160	dopuszczać
ᛞᚱᚢᚲᚢᛃ	159	drukuj
ᛗᚨᚱᛏᛝᚤ	158	martwy
ᛈᚢᛊᛏᚤᛡᛁᚨ	156	pustynia
ᚷᚨᚱᛡᛁᛏᚢᚱ	155	garnitur
ᚨᚲᛏᚢᚨᛚᚾᚤ	154	aktualny
ᛝᚤКᛁᛟᛜᚷ	153	wyciąg
ᚱᚢ⫯ᚨ	152	róża
ᛈ⫯ᚤᛃᚨᛉᛞ	151	przyjazd
ᛗᛁᛊᛏ⫯	150	mistrz
ᛏᛟᚱ	149	tor
ᚱᛟᛯᛁᚴ	148	rodzic
ᛒ⫯ᛖᚷ	147	brzeg
ᛈᛟᛯᛁᚨᚹ	146	podział
ᚨᚱᚲᚢᛇ	145	arkusz
ᛊᚢᛒᛊᛏᚨᚾᚴᛃᚨ	144	substancja
ᚠᚨᛝᛟᚱᚤᛉᛟᛝᚨК	143	faworyzować
ᛈᛟᛞᚹᛟᛜᛢ	142	podłącz
ᛈᛟ	141	po
ᛝᚤᛞᚨК	140	wydać
ᚨᚲᛟᚱᛞ	139	akord
ᛏᚹᚢᛇᛢ	138	tłuszcz
ᛉᚨᛞᛟᛝᛟᛚᛟᚾᚤ	137	zadowolony
ᛟᚱᚤᚷᛁᚾᚨᛚᚾᚤ	136	oryginalny
ᚨᚲᚴᛃᛁ	135	akcji
ᛊᛏᚨᚴᛃᚨ	134	Stacja
ᛏᚨᛏᚨ	133	tata
ᚻᛚᛖᛒ	132	chleb
ᚾᚨᚹᚨᛞᛟᛝᚨК	131	naładować
ᛝᚹᚨᛋКᛁᛝᚤ	130	właściwy
ᛒᚨᚱ	129	bar
ᛟᚠᛖᚱᛏᚨ	128	oferta
ᛊᛖᚷᛗᛖᚾᛏ	127	Segment
ᛡᛁᛖᛝᛟᛚᛡᛁᚲ	126	niewolnik
ᚲᚨᛢᚲᚨ	125	kaczka
ᛒᚹᚤᛊᚲᚨᛝᛁᛢᚾᛖᛃ	124	błyskawicznej
ᚱᚤᚾᚲᚢ	123	rynku
ᛊᛏᛟᛈᛁᛖᛡ	122	stopień
ᛝᚤᛈᛖᚹᛡᛁК	121	wypełnić
ᛈᛁᛊᚲᛚᛖᛜ	120	pisklę
ᛞᚱᛟᚷᛁ	119	drogi
ᛝᚱᚢᚷ	118	wróg
ᛟᛞᛈᛟᛝᛁᛖᛥ	117	odpowiedz
ᛈᛁК	116	pić
ᛝᚤᛊᛏᛖᛜᛈᚢᛃᛟᛜ	115	występują
ᛝᛊᛈᚨᚱКᛁᛖ	114	wsparcie
ᛗᛟᛝᚤ	113	mowy
ᚾᚨᛏᚢᚱᚨ	112	natura
ᛉᚨᚲᚱᛖᛊ	111	zakres
ᛈᚨᚱᛟᛝᚤ	110	parowy
ᛋКᛁᛖ⫯ᚲᚨ	108	ścieżka
Кᛁᛖᛢ	107	ciecz
ᛉᚨᛚᛟᚷᚢᛃ	106	zaloguj
ᛟᛉᚾᚨᛢᚨᚹᛟ	105	oznaczało
ᛁᛚᛟᚱᚨᛉ	104	iloraz
ᛉᛖᛜᛒᚤ	103	zęby
ᛈᛟᛝᚹᛟᚲᛁ	102	powłoki
ᛇᚤᛁ	101	szyi
ᛏᛚᛖᚾᚢ	100	tlenu
ᚴᚢᚲᛁᛖᚱ	99	cukier
ᛞᛟᛋК	97	dość
ᚢᛗᛁᛖᛃᛖᛜᛏᚾᛟᛋК	96	umiejętność
ᚲᛟᛒᛁᛖᛏᚤ	95	kobiety
ᛊᛖᛉᛟᚾ	94	sezon
ᚱᛟᛉᛝᛁᛟᛜᛉᚨᛡᛁᛖ	93	rozwiązanie
ᛗᚨᚷᚾᛖᛊ	92	magnes
ᛊᚱᛖᛒᚱᚾᚤ	91	srebrny
ᛯᛁᛖᛜᚲᚢᛃᛖᛜ	90	dziękuję
ᚷᚨᚹᛖᛜᛠᛁ	89	gałęzi
ᛈ⫯ᚤᚱᛟᛊᛏᛖᚲ	87	przyrostek
ᛇᛢᛖᚷᚢᛚᛡᛁᛖ	86	szczególnie
ᚠᛁᚷᚨ	85	figa
ᛒᛟᛁ	84	boi
ᛟᚷᚱᛟᛗᚾᚤ	83	ogromny
ᛋᛁᛟᛊᛏᚱᚨ	82	siostra
ᛊᛏᚨᛚ	81	stal
ᛟᛗᚢᛝᛁК	80	omówić
ᛈᛟᛞᛟᛒᚾᛖ	78	podobne
ᛈ⫯ᛖᛝᛟᛞᛡᛁᚲ	77	przewodnik
ᛞᛟᛋᛝᛁᚨᛞᛢᛖᛡᛁᛖ	76	doświadczenie
ᛃᚨᛒᚹᚲᛟ	74	jabłko
ᚲᚢᛈᛁᛟᚾᚤ	73	kupiony
ᛞᛟᛈᚱᛟᛝᚨᛯᛁᚹᛟ	72	doprowadziło
ᛒᛟᛁᛊᚲᛟ	71	boisko
ᛈᚹᚨᛇᛢ	70	płaszcz
ᛗᚨᛊᚨ	69	masa
ᚲᚨᚱᛏᚨ	68	karta
ᛚᛁᚾᚨ	66	lina
ᛈᛟᛋᛚᛁᛉᚷᚢ	65	poślizgu
ᛉᛝᚤКᛁᛖᛜᛊᛏᛝᛟ	64	zwycięstwo
ᛋᛡᛁК	63	śnić
ᛝᛁᛖᛢᛟᚱᛖᛗ	62	wieczorem
ᚾᚨ⫯ᛖᛜᛯᛁᛖ	59	narzędzie
ᚴᚨᚹᚲᛟᛝᛁᛏᚤ	58	całkowity
ᛈᛟᛞᛊᛏᚨᛝᛟᛝᚤ	57	podstawowy
ᛉᚨᛈᚨᚻ	56	zapach
ᛞᛟᛚᛁᚾᚨ	55	dolina
ᚨᛡᛁ	54	ani
ᛈᛟᛞᛝᚢᛃᚾᛖ	53	podwójne
ᛋᛁᛖᛯᛁᛒᚨ	52	siedziba
ᛞᚨᛚᛖᛃ	51	dalej
ᛒᛚᛟᚲ	50	blok
ᛝᚤᚲᚱᛖᛊ	49	wykres
ᚲᚨᛈᛖᛚᚢᛇ	48	kapelusz
ᛊᛈ⫯ᛖᛞᚨК	47	sprzedać
ᛊᚢᚲᚴᛖᛊ	46	sukces
ᚠᛁᚱᛗᚨ	45	firma
ᛟᛞᛖᛃᛗᛟᛝᚨᛡᛁᛖ	44	odejmowanie
ᛝᚤᛞᚨ⫯ᛖᛡᛁᛖ	43	wydarzenie
ᛇᛢᛖᚷᚢᛚᚾᛟᛋКᛁ	42	szczególności
ᛈᚹᚤᛝᚨК	40	pływać
ᛏᛖᚱᛗᛁᚾ	39	termin
ᚾᚨᛈ⫯ᛖКᛁᛝᚲᛟ	38	naprzeciwko
⫯ᛟᚾᚨ	37	żona
ᛒᚢᛏᚤ	36	buty
ᛉᛟᚱᚷᚨᛡᛁᛉᛟᛝᚨК	33	zorganizować
ᛟᛒᚢᛉ	32	obóz
ᛝᚤᛗᚤᛋᛚᚨК	31	wymyślać
ᛒᚨᛝᛖᚹᚾᚨ	30	bawełna
ᚢᚱᛟᛥᛟᚾᚤ	29	Urodzony
ᛟᚲᚱᛖᛋᛚᛖᛡᛁᚨ	28	określenia
ᚲᛝᚨᚱᛏᚨ	27	kwarta
ᛯᛁᛖᛝᛁᛖᛜК	26	dziewięć
Кᛁᛖᛜ⫯ᚨᚱᚢᛝᚲᚨ	25	ciężarówka
ᚻᚨᚹᚨᛊ	24	hałas
ᛈᛟᛠᛁᛟᛗ	23	poziom
ᛇᚨᚾᛊᚨ	22	szansa
ᛟᛞКᛁᚾᛖᚲ	19	odcinek
⫯ᚢᚴᚨК	18	rzucać
ᛈᛟᚹᚤᛊᚲ	17	połysk
ᛝᚹᚨᛋКᛁᛝᛟᛋК	16	właściwość
ᚲᛟᛚᚢᛗᚾᚨ	15	kolumna
ᛢᛟᛜᛊᛏᛖᛢᚲᚨ	14	cząsteczka
ᛝᚤᛒᛁᛖᚱᚨК	13	wybierać
ᛇᚨᚱᚤ	11	szary
ᛈᛟᛝᛏᚢ⫯	10	powtórz
ᛝᚤᛗᚨᚷᚨК	9	wymagać
ᛈ⫯ᚤᚷᛟᛏᛟᛝᚨК	7	przygotować
ᛊᚢᛚ	6	sól
ᚾᛟᛊ	5	nos
ᛗᚾᛟᚷᚨ	4	mnoga
ᛉᚹᛟᛋК	3	złość
ᛟᛋᛝᛁᚨᛞᛢᛖᛡᛁᛖ	2	oświadczenie
ᚲᛟᚾᛏᚤᚾᛖᚾᛏ	1	kontynent
